Survived,Pclass,Age,Fare_log,FamilySize,Fare_per_person_log,Sex_male,Embarked_Q,Embarked_S,FamilySizeGroup_Large,FamilySizeGroup_Small,Title_Miss,Title_Mr,Title_Mrs,Title_Rare,SoloTraveller_1
0,3,22.0,2.1102132003465894,2,1.5314763709643886,1,0,1,0,1,0,1,0,0,0
1,1,38.0,4.2805931204649,2,3.6011855715430774,0,0,0,0,1,0,0,1,0,0
1,3,26.0,2.188856327665703,1,2.188856327665703,0,0,1,0,0,1,0,0,0,1
1,1,35.0,3.9908341858524357,2,3.3160025355989236,0,0,1,0,1,0,0,1,0,0
0,3,35.0,2.2027647577118348,1,2.2027647577118348,1,0,1,0,0,0,1,0,0,1
0,3,25.0,2.246892662898172,1,2.246892662898172,1,1,0,0,0,0,1,0,0,1
0,1,54.0,3.967694202798607,1,3.967694202798607,1,0,1,0,0,0,1,0,0,1
0,3,2.0,3.0944457464900235,5,1.6515390884527357,1,0,1,1,0,0,0,0,0,0
1,3,27.0,2.495953738718064,3,1.5499214264083454,0,0,1,0,1,0,0,1,0,0
1,2,14.0,3.436268471383741,2,2.774798778265854,0,0,0,0,1,0,0,1,0,0
1,3,4.0,2.8735646395797834,3,1.882006347075833,0,0,1,0,1,1,0,0,0,0
1,1,58.0,3.3160025355989236,1,3.3160025355989236,0,0,1,0,0,1,0,0,0,1
0,3,20.0,2.2027647577118348,1,2.2027647577118348,1,0,1,0,0,0,1,0,0,1
0,3,39.0,3.4742929367327062,7,1.698886792488434,1,0,1,1,0,0,1,0,0,0
0,3,14.0,2.180891922715322,1,2.180891922715322,0,0,1,0,0,1,0,0,0,1
1,2,55.0,2.833213344056216,1,2.833213344056216,0,0,1,0,0,0,0,1,0,1
0,3,2.0,3.405355391810819,6,1.767153658425855,1,1,0,1,0,0,0,0,0,0
1,2,30.0,2.6390573296152584,1,2.6390573296152584,1,0,1,0,0,0,1,0,0,1
0,3,31.0,2.9444389791664403,2,2.302585092994046,0,0,1,0,1,0,0,1,0,0
1,3,21.5,2.1071782966514356,1,2.1071782966514356,0,0,0,0,0,0,0,1,0,1
0,2,35.0,3.295836866004329,1,3.295836866004329,1,0,1,0,0,0,1,0,0,1
1,2,34.0,2.6390573296152584,1,2.6390573296152584,1,0,1,0,0,0,1,0,0,1
1,3,15.0,2.2004637699272855,1,2.2004637699272855,0,1,0,0,0,1,0,0,0,1
1,1,28.0,3.597312260588446,1,3.597312260588446,1,0,1,0,0,0,1,0,0,1
0,3,8.0,3.0944457464900235,5,1.6515390884527357,0,0,1,1,0,1,0,0,0,0
1,3,38.0,3.4777725458882283,7,1.7018217367116275,0,0,1,1,0,0,0,1,0,0
0,3,25.0,2.1071782966514356,1,2.1071782966514356,1,0,0,0,0,0,1,0,0,1
0,1,19.0,5.575949103146316,6,3.802951910373784,1,0,1,1,0,0,1,0,0,0
1,3,21.5,2.1837114628556327,1,2.1837114628556327,0,1,0,0,0,1,0,0,0,1
0,3,25.0,2.1855792552411137,1,2.1855792552411137,1,0,1,0,0,0,1,0,0,1
0,1,40.0,3.357621598945279,1,3.357621598945279,1,0,0,0,0,0,0,0,1,1
1,1,35.0,4.993969182787072,2,4.307577835214363,0,0,0,0,1,0,0,1,0,0
1,3,21.5,2.169053700369523,1,2.169053700369523,0,1,0,0,0,1,0,0,0,1
0,2,66.0,2.4423470353692043,1,2.4423470353692043,1,0,1,0,0,0,1,0,0,1
0,1,28.0,4.420896324687287,2,3.7397008871924475,1,0,0,0,1,0,1,0,0,0
0,1,42.0,3.970291913552122,2,3.295836866004329,1,0,1,0,1,0,1,0,0,0
1,3,25.0,2.1076888046179385,1,2.1076888046179385,1,0,0,0,0,0,1,0,0,1
0,3,21.0,2.2027647577118348,1,2.2027647577118348,1,0,1,0,0,0,1,0,0,1
0,3,18.0,2.9444389791664403,3,1.9459101490553132,0,0,1,0,1,1,0,0,0,0
1,3,14.0,2.5048481563289,2,1.8902237604980383,0,0,0,0,1,1,0,0,0,0
0,3,40.0,2.348991465808201,2,1.7470235753866634,0,0,1,0,1,0,0,1,0,0
0,2,27.0,3.091042453358316,2,2.4423470353692043,0,0,1,0,1,0,0,1,0,0
0,3,25.0,2.1855792552411137,1,2.1855792552411137,1,0,0,0,0,0,1,0,0,1
1,2,3.0,3.7513658711253766,4,2.4331571109859165,0,0,0,0,1,1,0,0,0,0
1,3,19.0,2.1837114628556327,1,2.1837114628556327,0,1,0,0,0,1,0,0,0,1
0,3,25.0,2.2027647577118348,1,2.2027647577118348,1,0,1,0,0,0,1,0,0,1
0,3,25.0,2.803360380906535,2,2.169053700369523,1,1,0,0,1,0,1,0,0,0
1,3,21.5,2.169053700369523,1,2.169053700369523,0,1,0,0,0,1,0,0,0,1
0,3,25.0,3.1214482048688246,3,2.107348494932844,1,0,0,0,1,0,1,0,0,0
0,3,18.0,2.9338568698359038,2,2.2925347571405443,0,0,1,0,1,0,0,1,0,0
0,3,7.0,3.705920919968788,6,2.0300652682819424,1,0,1,1,0,0,0,0,0,0
0,3,21.0,2.174751721484161,1,2.174751721484161,1,0,1,0,0,0,1,0,0,1
1,1,49.0,4.353230991152628,2,3.672866935273995,0,0,0,0,1,0,0,1,0,0
1,2,29.0,3.295836866004329,2,2.6390573296152584,0,0,1,0,1,0,0,1,0,0
0,1,65.0,4.142804513146981,2,3.465410849975781,1,0,0,0,1,0,1,0,0,0
1,1,40.0,3.597312260588446,1,3.597312260588446,1,0,1,0,0,0,1,0,0,1
1,2,21.0,2.4423470353692043,1,2.4423470353692043,0,0,1,0,0,1,0,0,0,1
0,3,28.5,2.1076888046179385,1,2.1076888046179385,1,0,0,0,0,0,1,0,0,1
1,2,5.0,3.3586377672433594,4,2.07159836421881,0,0,1,0,1,1,0,0,0,0
0,3,11.0,3.8691155044168695,8,1.926071806835649,1,0,1,1,0,0,0,0,0,0
0,3,22.0,2.1076888046179385,1,2.1076888046179385,1,0,0,0,0,0,1,0,0,1
1,1,38.0,4.394449154672439,1,4.394449154672439,0,0,1,0,0,1,0,0,0,1
0,1,45.0,4.436455632600354,2,3.75507675496542,1,0,1,0,1,0,1,0,0,0
0,3,4.0,3.3638415951183864,6,1.7316555451583495,1,0,1,1,0,0,0,0,0,0
0,1,40.0,3.357621598945279,1,3.357621598945279,1,0,0,0,0,0,1,0,0,1
1,3,25.0,2.7878344138303452,3,1.8053226278885095,1,0,0,0,1,0,0,0,0,0
1,2,29.0,2.4423470353692043,1,2.4423470353692043,0,0,1,0,0,0,0,1,0,1
0,3,19.0,2.2146605719425225,1,2.2146605719425225,1,0,1,0,0,0,1,0,0,1
1,3,17.0,2.188856327665703,7,0.7571275102233525,0,0,1,1,0,1,0,0,0,0
0,3,26.0,2.2682524139135403,3,1.3577662775053525,1,0,1,0,1,0,1,0,0,0
0,2,32.0,2.4423470353692043,1,2.4423470353692043,1,0,1,0,0,0,1,0,0,1
0,3,16.0,3.8691155044168695,8,1.926071806835649,0,0,1,1,0,1,0,0,0,0
0,2,21.0,4.310799125385514,1,4.310799125385514,1,0,1,0,0,0,1,0,0,1
0,3,26.0,2.737880811060884,2,2.107433583211985,1,0,0,0,1,0,1,0,0,0
1,3,32.0,4.05171190165724,1,4.05171190165724,1,0,1,0,0,0,1,0,0,1
0,3,25.0,2.157559320943788,1,2.157559320943788,1,0,1,0,0,0,1,0,0,1
0,3,25.0,2.1855792552411137,1,2.1855792552411137,1,0,1,0,0,0,1,0,0,1
0,3,25.0,2.2027647577118348,1,2.2027647577118348,1,0,1,0,0,0,1,0,0,1
1,2,0.83,3.4011973816621555,3,2.367123614131617,1,0,1,0,1,0,0,0,0,0
1,3,30.0,2.600836116795061,1,2.600836116795061,0,0,1,0,0,1,0,0,0,1
0,3,22.0,2.302585092994046,1,2.302585092994046,1,0,1,0,0,0,1,0,0,1
1,3,29.0,2.3513752571634776,1,2.3513752571634776,1,0,1,0,0,0,1,0,0,1
1,3,21.5,2.1733302571367834,1,2.1733302571367834,0,1,0,0,0,1,0,0,0,1
0,1,28.0,3.8732821771117156,1,3.8732821771117156,1,0,1,0,0,0,1,0,0,1
1,2,17.0,2.4423470353692043,1,2.4423470353692043,0,0,1,0,0,1,0,0,0,1
1,3,33.0,2.8243506567983707,4,1.6019096460133089,0,0,1,0,1,0,0,1,0,0
0,3,16.0,3.5660053559634015,5,2.063693184711697,1,0,1,1,0,0,1,0,0,0
0,3,25.0,2.2027647577118348,1,2.2027647577118348,1,0,1,0,0,0,1,0,0,1
1,1,23.0,5.575949103146316,6,3.802951910373784,0,0,1,1,0,1,0,0,0,0
0,3,24.0,2.2027647577118348,1,2.2027647577118348,1,0,1,0,0,0,1,0,0,1
0,3,29.0,2.2027647577118348,1,2.2027647577118348,1,0,1,0,0,0,1,0,0,1
0,3,20.0,2.180891922715322,1,2.180891922715322,1,0,1,0,0,0,1,0,0,1
0,1,46.0,4.1299529896894684,2,3.4527614727143128,1,0,1,0,1,0,1,0,0,0
0,3,26.0,3.0715352369694915,4,1.8154353049133396,1,0,1,0,1,0,1,0,0,0
0,3,59.0,2.1102132003465894,1,2.1102132003465894,1,0,1,0,0,0,1,0,0,1
0,3,25.0,2.2027647577118348,1,2.2027647577118348,1,0,1,0,0,0,1,0,0,1
0,1,71.0,3.57386695198272,1,3.57386695198272,1,0,0,0,0,0,1,0,0,1
1,1,23.0,4.164465907853638,2,3.48673725986162,1,0,0,0,1,0,1,0,0,0
1,2,34.0,3.1780538303479458,2,2.5257286443082556,0,0,1,0,1,0,0,1,0,0
0,2,34.0,3.295836866004329,2,2.6390573296152584,1,0,1,0,1,0,1,0,0,0
0,3,28.0,2.1855792552411137,1,2.1855792552411137,0,0,1,0,0,1,0,0,0,1
0,3,25.0,2.1855792552411137,1,2.1855792552411137,1,0,1,0,0,0,1,0,0,1
0,1,21.0,4.360387947851531,2,3.6799333064000703,1,0,1,0,1,0,1,0,0,0
0,3,33.0,2.267393053825037,1,2.267393053825037,1,0,1,0,0,0,1,0,0,1
0,3,37.0,2.188856327665703,3,1.2924414523135441,1,0,1,0,1,0,1,0,0,0
0,3,28.0,2.1855792552411137,1,2.1855792552411137,1,0,1,0,0,0,1,0,0,1
1,3,21.0,2.157559320943788,1,2.157559320943788,0,0,1,0,0,1,0,0,0,1
1,3,25.0,2.1719067693519296,1,2.1719067693519296,1,0,1,0,0,0,1,0,0,1
0,3,38.0,2.1855792552411137,1,2.1855792552411137,1,0,1,0,0,0,1,0,0,1
1,3,21.5,3.224857896545748,2,2.5707020099509865,0,1,0,0,1,1,0,0,0,0
0,1,47.0,3.970291913552122,1,3.970291913552122,1,0,1,0,0,0,1,0,0,1
0,3,14.5,2.737880811060884,2,2.107433583211985,0,0,0,0,1,1,0,0,0,0
0,3,22.0,2.2027647577118348,1,2.2027647577118348,1,0,1,0,0,0,1,0,0,1
0,3,20.0,2.3818582738885534,2,1.7770687538180514,0,0,1,0,1,1,0,0,0,0
0,3,17.0,2.738146075922933,1,2.738146075922933,0,0,0,0,0,1,0,0,0,1
0,3,21.0,2.188856327665703,1,2.188856327665703,1,0,1,0,0,0,1,0,0,1
0,3,70.5,2.169053700369523,1,2.169053700369523,1,1,0,0,0,0,1,0,0,1
0,2,29.0,3.091042453358316,2,2.4423470353692043,1,0,1,0,1,0,1,0,0,0
0,1,24.0,5.515526544247129,2,4.826395097890282,1,0,0,0,1,0,1,0,0,0
0,3,2.0,3.4742929367327062,7,1.698886792488434,0,0,1,1,0,1,0,0,0,0
0,2,21.0,4.310799125385514,3,3.2386784521643803,1,0,1,0,1,0,1,0,0,0
0,3,25.0,2.2027647577118348,1,2.2027647577118348,1,0,1,0,0,0,1,0,0,1
0,2,32.5,3.436268471383741,2,2.774798778265854,1,0,0,0,1,0,1,0,0,0
1,2,32.5,2.6390573296152584,1,2.6390573296152584,0,0,1,0,0,1,0,0,0,1
0,1,54.0,4.360387947851531,2,3.6799333064000703,1,0,1,0,1,0,1,0,0,0
1,3,12.0,2.5048481563289,2,1.8902237604980383,1,0,0,0,1,0,0,0,0,0
0,3,25.0,2.169053700369523,1,2.169053700369523,1,1,0,0,0,0,1,0,0,1
1,3,24.0,2.0969990034181696,1,2.0969990034181696,1,0,1,0,0,0,1,0,0,1
1,3,21.5,3.1509523813392697,3,2.134493803953674,0,0,0,0,1,1,0,0,0,0
0,3,45.0,2.076311648670908,1,2.076311648670908,1,0,1,0,0,0,1,0,0,1
0,3,33.0,2.1855792552411137,1,2.1855792552411137,1,0,0,0,0,0,1,0,0,1
0,3,20.0,2.0856720914304723,1,2.0856720914304723,1,0,1,0,0,0,1,0,0,1
0,3,47.0,2.740840023925201,2,2.1102132003465894,0,0,1,0,1,0,0,1,0,0
1,2,29.0,3.295836866004329,2,2.6390573296152584,0,0,1,0,1,0,0,1,0,0
0,2,25.0,2.6390573296152584,1,2.6390573296152584,1,0,1,0,0,0,1,0,0,1
0,2,23.0,2.775447133088262,1,2.775447133088262,1,0,0,0,0,0,1,0,0,1
1,1,19.0,3.3062747934011893,3,2.278405098992312,0,0,1,0,1,1,0,0,0,0
0,1,37.0,3.9908341858524357,2,3.3160025355989236,1,0,1,0,1,0,1,0,0,0
0,3,16.0,2.3240236363515288,1,2.3240236363515288,1,0,1,0,0,0,1,0,0,1
0,1,24.0,4.384523514872469,1,4.384523514872469,1,0,0,0,0,0,1,0,0,1
0,3,21.5,2.7878344138303452,3,1.8053226278885095,0,0,0,0,1,0,0,1,0,0
1,3,22.0,2.169053700369523,1,2.169053700369523,0,0,1,0,0,1,0,0,0,1
1,3,24.0,2.8243506567983707,2,2.188856327665703,0,0,1,0,1,0,0,1,0,0
0,3,19.0,2.0476928433652555,1,2.0476928433652555,1,1,0,0,0,0,1,0,0,1
0,2,18.0,2.5257286443082556,1,2.5257286443082556,1,0,1,0,0,0,1,0,0,1
0,2,19.0,3.6309854756950335,3,2.583997552432231,1,0,1,0,1,0,1,0,0,0
1,3,27.0,2.174274334826008,1,2.174274334826008,1,0,1,0,0,0,1,0,0,1
0,3,9.0,3.5660053559634015,5,2.063693184711697,0,0,1,1,0,1,0,0,0,0
0,2,36.5,3.295836866004329,3,2.268683541318364,1,0,1,0,1,0,1,0,0,0
0,2,42.0,2.6390573296152584,1,2.6390573296152584,1,0,1,0,0,0,0,0,1,1
0,2,51.0,2.6045398247325453,1,2.6045398247325453,1,0,1,0,0,0,0,0,1,1
1,1,22.0,4.213607983048918,2,3.535145354171894,0,0,1,0,1,0,0,1,0,0
0,3,55.5,2.2027647577118348,1,2.2027647577118348,1,0,1,0,0,0,1,0,0,1
0,3,40.5,2.740840023925201,3,1.7635885922613586,1,0,1,0,1,0,1,0,0,0
0,3,25.0,2.1177604059819726,1,2.1177604059819726,1,0,1,0,0,0,1,0,0,1
0,1,51.0,4.133231886474144,2,3.4559885513448463,1,0,0,0,1,0,1,0,0,0
1,3,16.0,2.167143305297764,1,2.167143305297764,0,1,0,0,0,1,0,0,0,1
0,3,30.0,2.2027647577118348,1,2.2027647577118348,1,0,1,0,0,0,1,0,0,1
0,3,25.0,2.2682524139135403,1,2.2682524139135403,1,0,1,0,0,0,1,0,0,1
0,3,25.0,4.256321678298823,11,1.9909828368246127,1,0,1,1,0,0,0,0,0,0
0,3,44.0,2.8390784635086144,2,2.2027647577118348,1,0,1,0,1,0,1,0,0,0
1,2,40.0,2.8183982582710754,1,2.8183982582710754,0,0,1,0,0,0,0,1,0,1
0,3,26.0,2.1719067693519296,1,2.1719067693519296,1,0,1,0,0,0,1,0,0,1
0,3,17.0,2.2682524139135403,1,2.2682524139135403,1,0,1,0,0,0,1,0,0,1
0,3,1.0,3.705920919968788,6,2.0300652682819424,1,0,1,1,0,0,0,0,0,0
1,3,9.0,3.0692150503137943,3,2.0594513968033334,1,0,1,0,1,0,0,0,0,0
1,1,35.0,4.02535169073515,2,3.349904087274605,0,0,1,0,1,0,0,1,0,0
0,3,45.0,3.3638415951183864,6,1.7316555451583495,0,0,1,1,0,0,0,1,0,0
0,1,40.0,3.2930552230424524,1,3.2930552230424524,1,0,1,0,0,0,1,0,0,1
0,3,28.0,4.05171190165724,1,4.05171190165724,1,0,1,0,0,0,1,0,0,1
0,1,61.0,3.5409593240373143,1,3.5409593240373143,1,0,1,0,0,0,1,0,0,1
0,3,4.0,3.405355391810819,6,1.767153658425855,1,1,0,1,0,0,0,0,0,0
1,3,1.0,2.495953738718064,3,1.5499214264083454,0,0,1,0,1,1,0,0,0,0
0,3,21.0,2.188856327665703,1,2.188856327665703,1,0,1,0,0,0,1,0,0,1
0,1,56.0,3.4561841799918147,1,3.4561841799918147,1,0,0,0,0,0,1,0,0,1
0,3,18.0,2.180891922715322,3,1.2859398131899251,1,0,1,0,1,0,1,0,0,0
0,3,25.0,3.275887339030031,5,1.8071963714491994,1,0,1,1,0,0,0,0,0,0
0,1,50.0,3.391567832686312,1,3.391567832686312,0,0,0,0,0,1,0,0,0,1
0,2,30.0,2.6390573296152584,1,2.6390573296152584,1,0,1,0,0,0,1,0,0,1
0,3,36.0,0.0,1,0.0,1,0,1,0,0,0,1,0,0,1
0,3,21.5,4.256321678298823,11,1.9909828368246127,0,0,1,1,0,1,0,0,0,0
0,2,30.0,2.775708849576025,1,2.775708849576025,1,0,0,0,0,0,1,0,0,1
0,3,9.0,3.4777725458882283,7,1.7018217367116275,1,0,1,1,0,0,0,0,0,0
1,2,1.0,3.6888794541139363,4,2.3749057545736716,1,0,1,0,1,0,0,0,0,0
1,3,4.0,3.1365805821413706,3,2.1212630365331746,0,0,1,0,1,1,0,0,0,0
0,1,40.0,3.9318256327243257,1,3.9318256327243257,1,0,1,0,0,0,1,0,0,1
1,3,21.5,2.803360380906535,2,2.169053700369523,0,1,0,0,1,0,0,1,0,0
1,1,45.0,3.3160025355989236,1,3.3160025355989236,1,0,1,0,0,0,1,0,0,1
0,3,40.0,2.803360380906535,3,1.8191584434161694,1,1,0,0,1,0,1,0,0,0
0,3,36.0,2.1855792552411137,1,2.1855792552411137,1,0,1,0,0,0,1,0,0,1
1,2,32.0,2.6390573296152584,1,2.6390573296152584,0,0,1,0,0,0,0,1,0,1
0,2,19.0,2.6390573296152584,1,2.6390573296152584,1,0,1,0,0,0,1,0,0,1
1,3,19.0,2.180891922715322,2,1.5947505796822232,0,0,1,0,1,1,0,0,0,0
1,2,3.0,3.295836866004329,3,2.268683541318364,1,0,1,0,1,0,0,0,0,0
1,1,44.0,3.357621598945279,1,3.357621598945279,0,0,0,0,0,0,0,1,0,1
1,1,58.0,4.993969182787072,1,4.993969182787072,0,0,0,0,0,1,0,0,0,1
0,3,25.0,2.169053700369523,1,2.169053700369523,1,1,0,0,0,0,1,0,0,1
0,3,42.0,2.2411563979973974,2,1.6490623902173178,1,0,1,0,1,0,1,0,0,0
1,3,21.5,2.169053700369523,1,2.169053700369523,0,1,0,0,0,1,0,0,0,1
0,2,24.0,2.6390573296152584,1,2.6390573296152584,0,0,1,0,0,1,0,0,0,1
0,3,28.0,2.3513752571634776,1,2.3513752571634776,1,0,1,0,0,0,1,0,0,1
0,3,25.0,4.256321678298823,11,1.9909828368246127,1,0,1,1,0,0,1,0,0,0
0,3,34.0,2.0143428636837015,1,2.0143428636837015,1,0,1,0,0,0,1,0,0,1
0,3,45.5,2.1071782966514356,1,2.1071782966514356,1,0,0,0,0,0,1,0,0,1
1,3,18.0,2.2027647577118348,1,2.2027647577118348,1,0,1,0,0,0,1,0,0,1
0,3,2.0,2.4390808375825834,2,1.8295769547280114,0,0,1,0,1,1,0,0,0,0
0,3,32.0,2.8243506567983707,2,2.188856327665703,1,0,1,0,1,0,1,0,0,0
1,3,26.0,2.9850504252071306,1,2.9850504252071306,1,0,0,0,0,0,1,0,0,1
1,3,16.0,2.169053700369523,1,2.169053700369523,0,1,0,0,0,1,0,0,0,1
1,1,40.0,3.4657359027997265,1,3.4657359027997265,1,0,0,0,0,0,1,0,0,1
0,3,24.0,2.0856720914304723,1,2.0856720914304723,1,0,1,0,0,0,1,0,0,1
1,2,35.0,3.091042453358316,1,3.091042453358316,0,0,1,0,0,1,0,0,0,1
0,3,22.0,2.1102132003465894,1,2.1102132003465894,1,0,1,0,0,0,1,0,0,1
0,2,30.0,2.6390573296152584,1,2.6390573296152584,1,0,1,0,0,0,1,0,0,1
0,3,25.0,2.169053700369523,2,1.5841201044498106,1,1,0,0,1,0,1,0,0,0
1,1,31.0,4.738607824217808,2,4.054173397532824,0,0,0,0,1,1,0,0,0,0
1,3,27.0,2.188856327665703,1,2.188856327665703,0,0,1,0,0,1,0,0,0,1
0,2,42.0,3.332204510175204,2,2.6741486494265287,1,0,1,0,1,0,1,0,0,0
1,1,32.0,4.347586575960343,1,4.347586575960343,0,0,0,0,0,1,0,0,0,1
0,2,30.0,2.4423470353692043,1,2.4423470353692043,1,0,1,0,0,0,1,0,0,1
1,3,16.0,2.2027647577118348,1,2.2027647577118348,1,0,1,0,0,0,1,0,0,1
0,2,27.0,2.6390573296152584,1,2.6390573296152584,1,0,1,0,0,0,1,0,0,1
0,3,51.0,2.2027647577118348,1,2.2027647577118348,1,0,1,0,0,0,1,0,0,1
0,3,25.0,2.1855792552411137,1,2.1855792552411137,1,0,1,0,0,0,1,0,0,1
1,1,38.0,4.51085950651685,2,3.828641396489095,1,0,1,0,1,0,1,0,0,0
0,3,22.0,2.336986519711378,1,2.336986519711378,1,0,1,0,0,0,1,0,0,1
1,2,19.0,2.4423470353692043,1,2.4423470353692043,1,0,1,0,0,0,1,0,0,1
0,3,20.5,2.1102132003465894,1,2.1102132003465894,1,0,1,0,0,0,1,0,0,1
0,2,18.0,2.6390573296152584,1,2.6390573296152584,1,0,1,0,0,0,1,0,0,1
0,3,21.5,3.275887339030031,5,1.8071963714491994,0,0,1,1,0,1,0,0,0,0
1,1,35.0,4.436455632600354,2,3.75507675496542,0,0,1,0,1,0,0,1,0,0
0,3,29.0,2.1719067693519296,1,2.1719067693519296,1,0,1,0,0,0,1,0,0,1
0,2,59.0,2.6741486494265287,1,2.6741486494265287,1,0,1,0,0,0,1,0,0,1
1,3,5.0,3.4777725458882283,7,1.7018217367116275,0,0,1,1,0,1,0,0,0,0
0,2,24.0,2.4423470353692043,1,2.4423470353692043,1,0,1,0,0,0,1,0,0,1
0,3,21.5,2.145931282948669,1,2.145931282948669,0,0,1,0,0,1,0,0,0,1
0,2,44.0,3.295836866004329,2,2.6390573296152584,1,0,1,0,1,0,1,0,0,0
1,2,8.0,3.305053521109253,3,2.277267285009756,0,0,1,0,1,1,0,0,0,0
0,2,19.0,2.4423470353692043,1,2.4423470353692043,1,0,1,0,0,0,1,0,0,1
0,2,33.0,2.5858825671280026,1,2.5858825671280026,1,0,1,0,0,0,1,0,0,1
0,3,21.5,2.737880811060884,2,2.107433583211985,0,0,0,0,1,1,0,0,0,0
1,3,21.5,2.803360380906535,2,2.169053700369523,0,1,0,0,1,1,0,0,0,0
0,2,29.0,2.4423470353692043,1,2.4423470353692043,1,0,1,0,0,0,1,0,0,1
0,3,22.0,2.094945728215801,1,2.094945728215801,1,0,1,0,0,0,1,0,0,1
0,3,30.0,2.1071782966514356,1,2.1071782966514356,1,0,0,0,0,0,1,0,0,1
0,1,44.0,4.51085950651685,3,3.4339872044851463,1,1,0,0,1,0,0,0,1,0
0,3,25.0,2.1719067693519296,1,2.1719067693519296,0,0,1,0,0,1,0,0,0,1
1,2,24.0,2.740840023925201,3,1.7635885922613586,0,0,1,0,1,0,0,1,0,0
1,1,37.0,3.9806942251907276,3,2.9187468321201777,1,0,1,0,1,0,1,0,0,0
0,2,54.0,3.295836866004329,2,2.6390573296152584,1,0,1,0,1,0,0,0,1,0
0,3,25.0,2.1102132003465894,1,2.1102132003465894,1,0,1,0,0,0,1,0,0,1
0,3,29.0,2.4390808375825834,3,1.5012957538143974,0,0,1,0,1,0,0,1,0,0
0,1,62.0,3.3160025355989236,1,3.3160025355989236,1,0,1,0,0,0,1,0,0,1
0,3,30.0,2.8390784635086144,2,2.2027647577118348,1,0,1,0,1,0,1,0,0,0
0,3,41.0,3.0545906305603445,3,2.0460786380107145,0,0,1,0,1,0,0,1,0,0
1,3,29.0,2.7878344138303452,3,1.8053226278885095,0,0,0,0,1,0,0,1,0,0
1,1,35.0,4.384523514872469,1,4.384523514872469,0,0,0,0,0,0,0,1,0,1
1,1,30.0,4.471638793363569,1,4.471638793363569,0,0,1,0,0,1,0,0,0,1
1,1,35.0,6.240917354759096,1,6.240917354759096,0,0,0,0,0,1,0,0,0,1
1,2,50.0,3.295836866004329,2,2.6390573296152584,0,0,1,0,1,0,0,1,0,0
0,3,25.0,2.169053700369523,1,2.169053700369523,1,1,0,0,0,0,1,0,0,1
1,3,3.0,3.4777725458882283,7,1.7018217367116275,1,0,1,1,0,0,0,0,0,0
0,1,52.0,4.390118804571218,3,3.3160025355989236,1,0,1,0,1,0,1,0,0,0
0,1,40.0,0.0,1,0.0,1,0,1,0,0,0,1,0,0,1
0,3,21.5,2.169053700369523,1,2.169053700369523,0,1,0,0,0,1,0,0,0,1
0,2,36.0,2.4423470353692043,1,2.4423470353692043,1,0,1,0,0,0,1,0,0,1
0,3,16.0,3.705920919968788,6,2.0300652682819424,1,0,1,1,0,0,1,0,0,0
1,3,25.0,2.1719067693519296,2,1.5866809253114842,1,0,1,0,1,0,1,0,0,0
1,1,58.0,5.039951348430309,2,4.353257364419914,0,0,1,0,1,0,0,1,0,0
1,1,35.0,4.91730069488021,1,4.91730069488021,0,0,1,0,0,1,0,0,0,1
0,1,40.0,3.4657359027997265,1,3.4657359027997265,1,0,1,0,0,0,1,0,0,1
1,3,25.0,0.0,1,0.0,1,0,1,0,0,0,1,0,0,1
1,2,41.0,3.0204248861443626,2,2.3749057545736716,0,0,1,0,1,0,0,1,0,0
0,1,37.0,3.4242626545931514,2,2.7631695003232895,1,0,0,0,1,0,1,0,0,0
1,3,21.5,2.169053700369523,1,2.169053700369523,0,1,0,0,0,1,0,0,0,1
1,1,63.0,4.368919865004903,2,3.6883580682159285,0,0,1,0,1,1,0,0,0,0
0,3,45.0,2.169053700369523,1,2.169053700369523,0,0,1,0,0,1,0,0,0,1
0,2,30.0,0.0,1,0.0,1,0,1,0,0,0,1,0,0,1
0,3,7.0,3.405355391810819,6,1.767153658425855,1,1,0,1,0,0,0,0,0,0
1,3,35.0,3.056356895370426,3,2.0476928433652555,0,0,1,0,1,0,0,1,0,0
0,3,65.0,2.169053700369523,1,2.169053700369523,1,1,0,0,0,0,1,0,0,1
0,3,28.0,2.180891922715322,1,2.180891922715322,1,0,1,0,0,0,1,0,0,1
0,3,16.0,2.3513752571634776,1,2.3513752571634776,1,0,1,0,0,0,1,0,0,1
1,3,19.0,2.2027647577118348,1,2.2027647577118348,1,0,1,0,0,0,1,0,0,1
0,1,40.0,3.295836866004329,1,3.295836866004329,1,0,1,0,0,0,1,0,0,1
0,3,33.0,2.2682524139135403,1,2.2682524139135403,1,0,0,0,0,0,1,0,0,1
1,3,30.0,2.3513752571634776,1,2.3513752571634776,1,0,1,0,0,0,1,0,0,1
0,3,22.0,2.1855792552411137,1,2.1855792552411137,1,0,1,0,0,0,1,0,0,1
1,2,42.0,2.6390573296152584,1,2.6390573296152584,1,0,1,0,0,0,1,0,0,1
1,3,22.0,2.169053700369523,1,2.169053700369523,0,1,0,0,0,1,0,0,0,1
1,1,26.0,4.380149874661021,1,4.380149874661021,0,0,1,0,0,1,0,0,0,1
1,1,19.0,4.5226490762785785,2,3.8403035630800124,0,0,0,0,1,0,0,1,0,0
0,2,36.0,2.630088659632498,1,2.630088659632498,1,0,0,0,0,0,1,0,0,1
0,3,24.0,2.2874714551839976,1,2.2874714551839976,0,0,1,0,0,1,0,0,0,1
0,3,24.0,2.1855792552411137,1,2.1855792552411137,1,0,1,0,0,0,1,0,0,1
0,1,40.0,3.357621598945279,1,3.357621598945279,1,0,0,0,0,0,1,0,0,1
0,3,23.5,2.1076888046179385,1,2.1076888046179385,1,0,0,0,0,0,1,0,0,1
0,1,2.0,5.027492411162679,4,3.6606728622237554,0,0,1,0,1,1,0,0,0,0
1,1,40.0,3.449987545831587,1,3.449987545831587,1,0,1,0,0,0,1,0,0,1
1,1,50.0,5.515526544247129,2,4.826395097890282,0,0,0,0,1,0,0,1,0,0
1,3,21.5,2.169053700369523,1,2.169053700369523,0,1,0,0,0,1,0,0,0,1
1,3,25.0,3.188416617383492,3,2.169053700369523,1,1,0,0,1,0,1,0,0,0
0,3,19.0,0.0,1,0.0,1,0,1,0,0,0,1,0,0,1
1,2,28.0,2.5915163848462583,1,2.5915163848462583,0,1,0,0,0,1,0,0,0,1
0,3,25.0,2.2027647577118348,1,2.2027647577118348,1,0,1,0,0,0,1,0,0,1
1,1,0.92,5.027492411162679,4,3.6606728622237554,1,0,1,0,1,0,0,0,0,0
1,1,35.0,4.717456363787216,1,4.717456363787216,0,0,0,0,0,1,0,0,0,1
1,1,17.0,4.699570861409576,2,4.015481713796376,0,0,0,0,1,0,0,1,0,0
0,2,30.0,3.2188758248682006,2,2.5649493574615367,1,0,0,0,1,0,1,0,0,0
1,1,30.0,4.0592215752427645,1,4.0592215752427645,0,0,0,0,0,1,0,0,0,1
1,1,24.0,4.432699549165613,1,4.432699549165613,0,0,0,0,0,1,0,0,0,1
1,1,18.0,5.5735788721243535,5,3.9792142549684693,0,0,0,1,0,1,0,0,0,0
0,2,26.0,3.295836866004329,3,2.268683541318364,0,0,1,0,1,0,0,1,0,0
0,3,28.0,2.1855792552411137,1,2.1855792552411137,1,0,1,0,0,0,1,0,0,1
0,2,43.0,3.305053521109253,3,2.277267285009756,1,0,1,0,1,0,1,0,0,0
1,3,26.0,2.180891922715322,1,2.180891922715322,0,0,1,0,0,1,0,0,0,1
1,2,24.0,3.295836866004329,2,2.6390573296152584,0,0,1,0,1,0,0,1,0,0
0,2,54.0,2.70805020110221,1,2.70805020110221,1,0,1,0,0,0,0,0,1,1
1,1,31.0,5.11118445372147,3,4.024557923404247,0,0,1,0,1,1,0,0,0,0
1,1,40.0,4.908971640319756,3,3.8250116284385163,0,0,0,0,1,0,0,1,0,0
0,3,22.0,2.1102132003465894,1,2.1102132003465894,1,0,1,0,0,0,1,0,0,1
0,3,27.0,2.1855792552411137,1,2.1855792552411137,1,0,1,0,0,0,1,0,0,1
1,2,30.0,2.5915163848462583,1,2.5915163848462583,0,1,0,0,0,1,0,0,0,1
1,2,22.0,3.4011973816621555,3,2.367123614131617,0,0,1,0,1,0,0,1,0,0
0,3,25.0,4.256321678298823,11,1.9909828368246127,1,0,1,1,0,0,1,0,0,0
1,1,36.0,4.91730069488021,1,4.91730069488021,0,0,0,0,0,1,0,0,0,1
0,3,61.0,1.9792758428991135,1,1.9792758428991135,1,0,1,0,0,0,1,0,0,1
1,2,36.0,2.6390573296152584,1,2.6390573296152584,0,0,1,0,0,0,0,1,0,1
1,3,31.0,3.0692150503137943,3,2.0594513968033334,0,0,1,0,1,0,0,1,0,0
1,1,16.0,4.077184839375167,2,3.400850654892709,0,0,0,0,1,1,0,0,0,0
1,3,21.5,3.188416617383492,3,2.169053700369523,0,1,0,0,1,1,0,0,0,0
0,1,45.5,3.3843902633457743,1,3.3843902633457743,1,0,1,0,0,0,1,0,0,1
0,1,38.0,5.039951348430309,2,4.353257364419914,1,0,1,0,1,0,1,0,0,0
0,3,16.0,2.9444389791664403,3,1.9459101490553132,1,0,1,0,1,0,1,0,0,0
1,1,35.0,4.902678819257608,2,4.216930858544996,0,0,1,0,1,0,0,1,0,0
0,3,25.0,2.1855792552411137,1,2.1855792552411137,1,0,1,0,0,0,1,0,0,1
0,1,29.0,4.213607983048918,2,3.535145354171894,1,0,1,0,1,0,1,0,0,0
1,1,41.0,4.908971640319756,1,4.908971640319756,0,0,0,0,0,1,0,0,0,1
1,3,45.0,2.2027647577118348,1,2.2027647577118348,1,0,1,0,0,0,1,0,0,1
0,1,45.0,3.597312260588446,1,3.597312260588446,1,0,1,0,0,0,1,0,0,1
1,2,2.0,3.295836866004329,3,2.268683541318364,1,0,1,0,1,0,0,0,0,0
1,1,24.0,5.575949103146316,6,3.802951910373784,0,0,1,1,0,1,0,0,0,0
0,2,28.0,2.6390573296152584,1,2.6390573296152584,1,0,1,0,0,0,1,0,0,1
0,2,25.0,2.6390573296152584,1,2.6390573296152584,1,0,1,0,0,0,1,0,0,1
0,2,36.0,2.6390573296152584,1,2.6390573296152584,1,0,1,0,0,0,1,0,0,1
1,2,24.0,2.6390573296152584,1,2.6390573296152584,0,0,1,0,0,1,0,0,0,1
1,2,40.0,2.6390573296152584,1,2.6390573296152584,0,0,1,0,0,1,0,0,0,1
1,3,21.5,2.8390784635086144,2,2.2027647577118348,0,0,1,0,1,0,0,1,0,0
1,3,3.0,2.8273136219290276,3,1.840549633397487,1,0,1,0,1,0,0,0,0,0
0,3,42.0,2.2682524139135403,1,2.2682524139135403,1,0,1,0,0,0,1,0,0,1
0,3,23.0,2.3248357019288655,1,2.3248357019288655,1,0,1,0,0,0,1,0,0,1
0,1,40.0,3.58351893845611,1,3.58351893845611,1,0,1,0,0,0,1,0,0,1
0,3,15.0,2.1076888046179385,3,1.2266340868690149,1,0,0,0,1,0,1,0,0,0
0,3,25.0,2.9338568698359038,2,2.2925347571405443,1,0,1,0,1,0,1,0,0,0
0,3,25.0,2.1071782966514356,1,2.1071782966514356,1,0,0,0,0,0,1,0,0,1
0,3,28.0,2.3513752571634776,1,2.3513752571634776,1,0,1,0,0,0,1,0,0,1
1,1,22.0,4.02535169073515,2,3.349904087274605,0,0,1,0,1,1,0,0,0,0
0,2,38.0,2.6390573296152584,1,2.6390573296152584,0,0,1,0,0,1,0,0,0,1
1,3,21.5,2.1837114628556327,1,2.1837114628556327,0,1,0,0,0,1,0,0,0,1
1,3,21.5,2.1837114628556327,1,2.1837114628556327,0,1,0,0,0,1,0,0,0,1
0,3,40.0,3.3638415951183864,6,1.7316555451583495,1,0,1,1,0,0,1,0,0,0
0,2,29.0,3.357621598945279,2,2.6986999568277366,1,0,0,0,1,0,1,0,0,0
0,3,45.0,2.737880811060884,2,2.107433583211985,0,0,0,0,1,0,0,1,0,0
0,3,35.0,2.0856720914304723,1,2.0856720914304723,1,0,1,0,0,0,1,0,0,1
0,3,25.0,2.803360380906535,2,2.169053700369523,1,1,0,0,1,0,1,0,0,0
0,3,30.0,2.1102132003465894,1,2.1102132003465894,1,0,1,0,0,0,1,0,0,1
1,1,60.0,4.334017415487521,2,3.6538997352179097,0,0,0,0,1,0,0,1,0,0
1,3,21.5,2.1076888046179385,1,2.1076888046179385,0,0,0,0,0,0,0,1,0,1
1,3,21.5,2.169053700369523,1,2.169053700369523,0,1,0,0,0,1,0,0,0,1
1,1,24.0,4.252771798816619,1,4.252771798816619,0,0,0,0,0,0,0,1,0,1
1,1,25.0,4.0332082470129285,2,3.357623339842346,1,0,0,0,1,0,1,0,0,0
0,3,18.0,2.0143428636837015,2,1.4464247431729138,1,0,1,0,1,0,1,0,0,0
0,3,19.0,2.2027647577118348,1,2.2027647577118348,1,0,1,0,0,0,1,0,0,1
0,1,22.0,4.91730069488021,1,4.91730069488021,1,0,0,0,0,0,1,0,0,1
0,3,3.0,3.0944457464900235,5,1.6515390884527357,0,0,1,1,0,1,0,0,0,0
1,1,35.0,4.420896324687287,2,3.7397008871924475,0,0,0,0,1,0,0,1,0,0
1,3,22.0,2.1102132003465894,1,2.1102132003465894,0,0,1,0,0,1,0,0,0,1
0,1,27.0,5.358941988364472,3,4.269697449699962,1,0,0,0,1,0,1,0,0,0
0,3,20.0,1.6119347926326877,1,1.6119347926326877,1,0,0,0,0,0,1,0,0,1
0,3,19.0,2.1719067693519296,1,2.1719067693519296,1,0,1,0,0,0,1,0,0,1
1,1,42.0,5.4316456135398825,1,5.4316456135398825,0,0,0,0,0,1,0,0,0,1
1,3,1.0,2.817902613071225,3,1.8321386990758308,0,0,0,0,1,1,0,0,0,0
0,3,32.0,2.188856327665703,1,2.188856327665703,1,0,1,0,0,0,1,0,0,1
1,1,35.0,3.970291913552122,2,3.295836866004329,0,0,1,0,1,0,0,1,0,0
0,3,25.0,2.1855792552411137,1,2.1855792552411137,1,0,1,0,0,0,1,0,0,1
0,2,18.0,4.310799125385514,1,4.310799125385514,1,0,1,0,0,0,1,0,0,1
0,3,1.0,3.8691155044168695,8,1.926071806835649,1,0,1,1,0,0,0,0,0,0
1,2,36.0,2.6390573296152584,1,2.6390573296152584,0,0,1,0,0,1,0,0,0,1
0,3,25.0,2.1666737276227077,1,2.1666737276227077,1,1,0,0,0,0,1,0,0,1
1,2,17.0,2.5649493574615367,1,2.5649493574615367,0,0,0,0,0,1,0,0,0,1
1,1,36.0,4.795790545596741,4,3.4339872044851463,1,0,1,0,1,0,1,0,0,0
1,3,21.0,2.174274334826008,1,2.174274334826008,1,0,1,0,0,0,1,0,0,1
0,3,28.0,2.188856327665703,3,1.2924414523135441,1,0,1,0,1,0,1,0,0,0
1,1,23.0,4.738607824217808,2,4.054173397532824,0,0,0,0,1,1,0,0,0,0
1,3,24.0,2.8735646395797834,3,1.882006347075833,0,0,1,0,1,0,0,1,0,0
0,3,22.0,2.174274334826008,1,2.174274334826008,1,0,1,0,0,0,1,0,0,1
0,3,31.0,2.180891922715322,1,2.180891922715322,0,0,1,0,0,1,0,0,0,1
0,2,46.0,3.295836866004329,1,3.295836866004329,1,0,1,0,0,0,1,0,0,1
0,2,23.0,2.4423470353692043,1,2.4423470353692043,1,0,1,0,0,0,0,0,1,1
1,2,28.0,2.613739521630969,1,2.613739521630969,0,0,1,0,0,0,0,1,0,1
1,3,39.0,2.188856327665703,1,2.188856327665703,1,0,1,0,0,0,1,0,0,1
0,3,26.0,2.2027647577118348,1,2.2027647577118348,1,0,1,0,0,0,1,0,0,1
0,3,21.0,2.3818582738885534,2,1.7770687538180514,0,0,1,0,1,1,0,0,0,0
0,3,28.0,2.8243506567983707,2,2.188856327665703,1,0,1,0,1,0,1,0,0,0
0,3,20.0,2.2682524139135403,1,2.2682524139135403,0,0,1,0,0,1,0,0,0,1
0,2,34.0,3.091042453358316,2,2.4423470353692043,1,0,1,0,1,0,1,0,0,0
0,3,51.0,2.169053700369523,1,2.169053700369523,1,0,1,0,0,0,1,0,0,1
1,2,3.0,2.9831534913471307,3,1.9810014688665833,1,0,1,0,1,0,0,0,0,0
0,3,21.0,2.1719067693519296,1,2.1719067693519296,1,0,1,0,0,0,1,0,0,1
0,3,21.5,3.275887339030031,5,1.8071963714491994,0,0,1,1,0,1,0,0,0,0
0,3,25.0,2.1855792552411137,1,2.1855792552411137,1,0,1,0,0,0,1,0,0,1
0,3,25.0,2.061570298060867,1,2.061570298060867,1,1,0,0,0,0,1,0,0,1
1,1,33.0,4.51085950651685,2,3.828641396489095,0,1,0,0,1,1,0,0,0,0
0,2,30.0,0.0,1,0.0,1,0,1,0,0,0,1,0,0,1
1,3,44.0,2.188856327665703,1,2.188856327665703,1,0,1,0,0,0,1,0,0,1
0,3,21.5,2.2027647577118348,1,2.2027647577118348,0,0,1,0,0,0,0,1,0,1
1,2,34.0,3.5115454388310208,3,2.4709204078132605,0,0,1,0,1,0,0,1,0,0
1,2,18.0,2.6390573296152584,3,1.6739764335716716,0,0,1,0,1,1,0,0,0,0
0,2,30.0,2.6390573296152584,1,2.6390573296152584,1,0,1,0,0,0,1,0,0,1
0,3,10.0,3.224857896545748,3,2.2027647577118348,0,0,1,0,1,1,0,0,0,0
0,3,25.0,2.1855792552411137,1,2.1855792552411137,1,0,0,0,0,0,1,0,0,1
0,3,21.0,2.167143305297764,1,2.167143305297764,1,1,0,0,0,0,1,0,0,1
0,3,29.0,2.1832383353614797,1,2.1832383353614797,1,0,1,0,0,0,1,0,0,1
0,3,28.0,2.7343675094195836,3,1.7578579175523736,0,0,1,0,1,0,0,1,0,0
0,3,18.0,3.0545906305603445,3,2.0460786380107145,1,0,1,0,1,0,1,0,0,0
0,3,25.0,2.1102132003465894,1,2.1102132003465894,1,0,1,0,0,0,1,0,0,1
1,2,28.0,3.295836866004329,2,2.6390573296152584,0,0,1,0,1,0,0,1,0,0
1,2,19.0,3.295836866004329,1,3.295836866004329,0,0,1,0,0,1,0,0,0,1
0,3,25.0,2.169053700369523,1,2.169053700369523,1,1,0,0,0,0,1,0,0,1
1,3,32.0,2.2027647577118348,1,2.2027647577118348,1,0,1,0,0,0,1,0,0,1
1,1,28.0,3.3160025355989236,1,3.3160025355989236,1,0,1,0,0,0,1,0,0,1
1,3,21.5,2.8390784635086144,2,2.2027647577118348,0,0,1,0,1,0,0,1,0,0
1,2,42.0,3.295836866004329,2,2.6390573296152584,0,0,1,0,1,0,0,1,0,0
0,3,17.0,2.094945728215801,1,2.094945728215801,1,0,1,0,0,0,1,0,0,1
0,1,50.0,4.041295341132285,2,3.3655702040190043,1,0,1,0,1,0,1,0,0,0
1,1,14.0,4.795790545596741,4,3.4339872044851463,0,0,1,0,1,1,0,0,0,0
0,3,21.0,3.5660053559634015,5,2.063693184711697,0,0,1,1,0,1,0,0,0,0
1,2,24.0,2.9831534913471307,6,1.4170660197866443,0,0,1,1,0,0,0,1,0,0
0,1,64.0,5.575949103146316,6,3.802951910373784,1,0,1,1,0,0,1,0,0,0
0,2,31.0,2.4423470353692043,1,2.4423470353692043,1,0,1,0,0,0,1,0,0,1
1,2,45.0,3.305053521109253,3,2.277267285009756,0,0,1,0,1,0,0,1,0,0
0,3,20.0,2.3513752571634776,1,2.3513752571634776,1,0,1,0,0,0,1,0,0,1
0,3,25.0,2.1719067693519296,2,1.5866809253114842,1,0,1,0,1,0,1,0,0,0
1,2,28.0,2.6390573296152584,1,2.6390573296152584,0,0,1,0,0,1,0,0,0,1
1,3,25.0,2.2096470973347766,1,2.2096470973347766,1,0,1,0,0,0,1,0,0,1
1,1,4.0,4.417131919904876,3,3.342370517909884,1,0,1,0,1,0,0,0,0,0
1,2,13.0,3.0204248861443626,2,2.3749057545736716,0,0,1,0,1,1,0,0,0,0
1,1,34.0,3.3160025355989236,1,3.3160025355989236,1,0,1,0,0,0,1,0,0,1
1,3,5.0,3.0085645861193133,4,1.7603676964552861,0,0,0,0,1,1,0,0,0,0
1,1,52.0,3.449987545831587,1,3.449987545831587,1,0,1,0,0,0,0,0,1,1
0,2,36.0,3.3586377672433594,4,2.07159836421881,1,0,1,0,1,0,1,0,0,0
0,3,25.0,3.0429354648621407,2,2.396380489729938,1,0,1,0,1,0,1,0,0,0
0,1,30.0,3.3586377672433594,1,3.3586377672433594,1,0,0,0,0,0,1,0,0,1
1,1,49.0,4.500966778400217,2,3.8188567258265635,1,0,0,0,1,0,1,0,0,0
0,3,25.0,2.2027647577118348,1,2.2027647577118348,1,0,1,0,0,0,1,0,0,1
1,3,29.0,2.1855792552411137,1,2.1855792552411137,1,0,0,0,0,0,1,0,0,1
0,1,65.0,3.3160025355989236,1,3.3160025355989236,1,0,1,0,0,0,1,0,0,1
1,1,35.0,3.967694202798607,2,3.293287322382011,0,0,1,0,1,0,0,1,0,0
1,2,50.0,2.4423470353692043,1,2.4423470353692043,0,0,1,0,0,1,0,0,0,1
0,3,25.0,2.169053700369523,1,2.169053700369523,1,1,0,0,0,0,1,0,0,1
1,1,48.0,3.3160025355989236,1,3.3160025355989236,1,0,1,0,0,0,1,0,0,1
0,3,34.0,2.2027647577118348,1,2.2027647577118348,1,0,1,0,0,0,1,0,0,1
0,1,47.0,3.676300671907076,1,3.676300671907076,1,0,1,0,0,0,1,0,0,1
0,2,48.0,2.6390573296152584,1,2.6390573296152584,1,0,1,0,0,0,1,0,0,1
0,3,25.0,2.2027647577118348,1,2.2027647577118348,1,0,1,0,0,0,1,0,0,1
0,3,38.0,2.0856720914304723,1,2.0856720914304723,1,0,1,0,0,0,1,0,0,1
0,2,30.0,0.0,1,0.0,1,0,1,0,0,0,1,0,0,1
0,1,56.0,3.3160025355989236,1,3.3160025355989236,1,0,1,0,0,0,1,0,0,1
0,3,25.0,2.1661924680884908,1,2.1661924680884908,1,1,0,0,0,0,1,0,0,1
1,3,0.75,3.0085645861193133,4,1.7603676964552861,0,0,0,0,1,1,0,0,0,0
0,3,25.0,2.1102132003465894,1,2.1102132003465894,1,0,1,0,0,0,1,0,0,1
0,3,38.0,2.2682524139135403,1,2.2682524139135403,1,0,1,0,0,0,1,0,0,1
1,2,33.0,3.3586377672433594,4,2.07159836421881,0,0,1,0,1,0,0,1,0,0
1,2,23.0,2.694066212646058,1,2.694066212646058,0,0,0,0,0,0,0,1,0,1
0,3,22.0,2.3830123421066602,1,2.3830123421066602,0,0,1,0,0,1,0,0,0,1
0,1,40.0,3.970291913552122,1,3.970291913552122,1,0,1,0,0,0,1,0,0,1
0,2,34.0,3.091042453358316,2,2.4423470353692043,1,0,1,0,1,0,1,0,0,0
0,3,29.0,2.0851502161468174,2,1.5091533810317492,1,0,1,0,1,0,1,0,0,0
0,3,22.0,2.142510233146819,1,2.142510233146819,1,0,1,0,0,0,1,0,0,1
1,3,2.0,2.586823743668066,2,1.9662378485609837,0,0,1,0,1,1,0,0,0,0
0,3,9.0,3.8691155044168695,8,1.926071806835649,1,0,1,1,0,0,0,0,0,0
0,2,30.0,0.0,1,0.0,1,0,1,0,0,0,1,0,0,1
0,3,50.0,2.2027647577118348,1,2.2027647577118348,1,0,1,0,0,0,1,0,0,1
1,3,63.0,2.3596740599781727,1,2.3596740599781727,0,0,1,0,0,0,0,1,0,1
1,1,25.0,4.5226490762785785,2,3.8403035630800124,1,0,0,0,1,0,1,0,0,0
0,3,21.5,3.275887339030031,5,1.8071963714491994,0,0,1,1,0,1,0,0,0,0
1,1,35.0,4.51085950651685,2,3.828641396489095,0,0,1,0,1,0,0,1,0,0
0,1,58.0,3.4242626545931514,1,3.4242626545931514,1,0,0,0,0,0,1,0,0,1
0,3,30.0,2.2027647577118348,1,2.2027647577118348,1,0,1,0,0,0,1,0,0,1
1,3,9.0,2.8273136219290276,3,1.840549633397487,1,0,1,0,1,0,0,0,0,0
0,3,25.0,3.0429354648621407,2,2.396380489729938,1,0,1,0,1,0,1,0,0,0
0,3,21.0,2.1102132003465894,1,2.1102132003465894,1,0,1,0,0,0,1,0,0,1
0,1,55.0,3.449987545831587,1,3.449987545831587,1,0,1,0,0,0,1,0,0,1
0,1,71.0,3.922056501139853,1,3.922056501139853,1,0,0,0,0,0,1,0,0,1
0,3,21.0,2.2027647577118348,1,2.2027647577118348,1,0,1,0,0,0,1,0,0,1
0,3,25.0,2.738146075922933,1,2.738146075922933,1,0,0,0,0,0,1,0,0,1
1,1,54.0,4.37281811610993,2,3.6922076594889166,0,0,0,0,1,1,0,0,0,0
0,3,25.0,2.7788192719904172,1,2.7788192719904172,1,0,1,0,0,0,1,0,0,1
0,1,25.0,5.027492411162679,4,3.6606728622237554,0,0,1,0,1,0,0,1,0,0
0,3,24.0,2.174274334826008,1,2.174274334826008,1,0,1,0,0,0,1,0,0,1
0,3,17.0,2.2682524139135403,1,2.2682524139135403,1,0,1,0,0,0,1,0,0,1
0,3,21.0,2.169053700369523,1,2.169053700369523,0,1,0,0,0,1,0,0,0,1
0,3,21.5,2.155151800914312,1,2.155151800914312,0,1,0,0,0,1,0,0,0,1
0,3,37.0,2.3596740599781727,1,2.3596740599781727,0,0,1,0,0,1,0,0,0,1
1,1,16.0,4.471638793363569,1,4.471638793363569,0,0,1,0,0,1,0,0,0,1
0,1,18.0,4.699570861409576,2,4.015481713796376,1,0,0,0,1,0,1,0,0,0
1,2,33.0,3.295836866004329,3,2.268683541318364,0,0,1,0,1,0,0,1,0,0
1,1,40.0,3.3160025355989236,1,3.3160025355989236,1,0,1,0,0,0,1,0,0,1
0,3,28.0,3.1580636854714434,1,3.1580636854714434,1,0,1,0,0,0,1,0,0,1
1,3,26.0,4.05171190165724,1,4.05171190165724,1,0,1,0,0,0,1,0,0,1
1,3,29.0,2.169053700369523,1,2.169053700369523,1,1,0,0,0,0,1,0,0,1
0,3,25.0,2.2027647577118348,1,2.2027647577118348,1,0,1,0,0,0,1,0,0,1
1,1,36.0,3.3064287218760624,1,3.3064287218760624,1,0,1,0,0,0,1,0,0,1
1,1,54.0,4.100989104940769,2,3.4242626545931514,0,0,0,0,1,0,0,1,0,0
0,3,24.0,2.139571923732859,1,2.139571923732859,1,0,1,0,0,0,1,0,0,1
0,1,47.0,3.5559421706858756,1,3.5559421706858756,1,0,1,0,0,0,1,0,0,1
1,2,34.0,2.4423470353692043,1,2.4423470353692043,0,0,1,0,0,0,0,1,0,1
0,3,25.0,3.224857896545748,1,3.224857896545748,1,1,0,0,0,0,1,0,0,1
1,2,36.0,3.295836866004329,2,2.6390573296152584,0,0,1,0,1,0,0,1,0,0
0,3,32.0,2.1855792552411137,1,2.1855792552411137,1,0,1,0,0,0,1,0,0,1
1,1,30.0,4.548599834499697,1,4.548599834499697,0,0,1,0,0,1,0,0,0,1
0,3,22.0,2.1855792552411137,1,2.1855792552411137,1,0,1,0,0,0,1,0,0,1
0,3,25.0,2.1071782966514356,1,2.1071782966514356,1,0,0,0,0,0,1,0,0,1
1,1,44.0,4.077184839375167,2,3.400850654892709,0,0,0,0,1,0,0,1,0,0
0,3,25.0,2.1076888046179385,1,2.1076888046179385,1,0,0,0,0,0,1,0,0,1
0,3,40.5,2.169053700369523,1,2.169053700369523,1,1,0,0,0,0,1,0,0,1
1,2,50.0,2.4423470353692043,1,2.4423470353692043,0,0,1,0,0,1,0,0,0,1
0,1,40.0,5.406181146423973,1,5.406181146423973,1,0,1,0,0,0,1,0,0,1
0,3,39.0,2.188856327665703,1,2.188856327665703,1,0,1,0,0,0,1,0,0,1
0,2,23.0,2.5257286443082556,4,1.3545456628053103,1,0,1,0,1,0,1,0,0,0
1,2,2.0,3.295836866004329,3,2.268683541318364,0,0,1,0,1,1,0,0,0,0
0,3,25.0,2.1076888046179385,1,2.1076888046179385,1,0,0,0,0,0,1,0,0,1
0,3,17.0,2.1076888046179385,3,1.2266340868690149,1,0,0,0,1,0,1,0,0,0
1,3,21.5,3.1509523813392697,3,2.134493803953674,0,0,0,0,1,0,0,1,0,0
0,3,30.0,2.2682524139135403,1,2.2682524139135403,0,0,1,0,0,1,0,0,0,1
1,2,7.0,3.305053521109253,3,2.277267285009756,0,0,1,0,1,1,0,0,0,0
0,1,45.0,3.3160025355989236,1,3.3160025355989236,1,0,1,0,0,0,0,0,1,1
1,1,30.0,4.676792929661059,1,4.676792929661059,0,0,0,0,0,1,0,0,0,1
0,3,25.0,2.740840023925201,1,2.740840023925201,1,0,1,0,0,0,1,0,0,1
1,1,22.0,3.9219733362813143,3,2.8622008809294686,0,0,0,0,1,1,0,0,0,0
1,1,36.0,4.276666119016055,3,3.20545280453606,0,0,1,0,1,1,0,0,0,0
0,3,9.0,3.4742929367327062,7,1.698886792488434,0,0,1,1,0,1,0,0,0,0
0,3,11.0,3.4742929367327062,7,1.698886792488434,0,0,1,1,0,1,0,0,0,0
1,2,32.0,3.295836866004329,2,2.6390573296152584,1,0,1,0,1,0,1,0,0,0
0,1,50.0,4.676792929661059,2,3.9929115091614844,1,0,0,0,1,0,1,0,0,0
0,1,64.0,3.295836866004329,1,3.295836866004329,1,0,1,0,0,0,1,0,0,1
1,2,19.0,3.295836866004329,2,2.6390573296152584,0,0,1,0,1,0,0,1,0,0
1,2,30.0,2.6988412620169004,1,2.6988412620169004,1,0,0,0,0,0,1,0,0,1
0,3,33.0,3.0692150503137943,3,2.0594513968033334,1,0,1,0,1,0,1,0,0,0
1,2,8.0,3.6309854756950335,3,2.583997552432231,1,0,1,0,1,0,0,0,0,0
1,1,17.0,4.717456363787216,3,3.6365619511933205,1,0,0,0,1,0,1,0,0,0
0,2,27.0,3.295836866004329,1,3.295836866004329,1,0,1,0,0,0,1,0,0,1
0,3,25.0,2.17806441028492,1,2.17806441028492,1,1,0,0,0,0,1,0,0,1
1,3,22.0,2.1071782966514356,1,2.1071782966514356,1,0,0,0,0,0,1,0,0,1
1,3,22.0,2.1719067693519296,1,2.1719067693519296,0,0,1,0,0,1,0,0,0,1
0,1,62.0,3.3160025355989236,1,3.3160025355989236,1,0,1,0,0,0,1,0,0,1
1,1,48.0,3.703768066607687,2,3.0349529867072724,0,0,0,0,1,0,0,0,1,0
0,1,40.0,5.4316456135398825,1,5.4316456135398825,1,0,0,0,0,0,1,0,0,1
1,1,39.0,4.390118804571218,3,3.3160025355989236,0,0,1,0,1,0,0,1,0,0
1,3,36.0,2.91235066461494,2,2.272125885509337,0,0,1,0,1,0,0,1,0,0
0,3,25.0,2.169053700369523,1,2.169053700369523,1,1,0,0,0,0,1,0,0,1
0,3,40.0,2.1855792552411137,1,2.1855792552411137,1,0,1,0,0,0,1,0,0,1
0,2,28.0,2.6741486494265287,1,2.6741486494265287,1,0,1,0,0,0,1,0,0,1
0,3,25.0,2.2027647577118348,1,2.2027647577118348,1,0,1,0,0,0,1,0,0,1
0,3,21.5,2.2027647577118348,1,2.2027647577118348,0,0,1,0,0,1,0,0,0,1
0,3,24.0,3.224857896545748,3,2.2027647577118348,1,0,1,0,1,0,1,0,0,0
0,3,19.0,2.1855792552411137,1,2.1855792552411137,1,0,1,0,0,0,1,0,0,1
0,3,29.0,3.0944457464900235,5,1.6515390884527357,0,0,1,1,0,0,0,1,0,0
0,3,25.0,2.1076888046179385,1,2.1076888046179385,1,0,0,0,0,0,1,0,0,1
1,3,32.0,2.180891922715322,1,2.180891922715322,1,0,1,0,0,0,1,0,0,1
1,2,62.0,2.4423470353692043,1,2.4423470353692043,1,0,1,0,0,0,1,0,0,1
1,1,53.0,3.960416900617205,3,2.89920668877752,0,0,1,0,1,0,0,1,0,0
1,1,36.0,3.3100867049215847,1,3.3100867049215847,1,0,1,0,0,0,1,0,0,1
1,3,21.5,2.169053700369523,1,2.169053700369523,0,1,0,0,0,1,0,0,0,1
0,3,16.0,2.2027647577118348,1,2.2027647577118348,1,0,1,0,0,0,1,0,0,1
0,3,19.0,2.740840023925201,1,2.740840023925201,1,0,1,0,0,0,1,0,0,1
1,2,34.0,2.6390573296152584,1,2.6390573296152584,0,0,1,0,0,1,0,0,0,1
1,1,39.0,4.041295341132285,2,3.3655702040190043,0,0,1,0,1,0,0,1,0,0
0,3,21.5,2.738146075922933,2,2.107682728674724,0,0,0,0,1,0,0,1,0,0
1,3,32.0,2.188856327665703,1,2.188856327665703,1,0,1,0,0,0,1,0,0,1
1,2,25.0,3.4339872044851463,3,2.3978952727983707,0,0,1,0,1,1,0,0,0,0
1,1,39.0,4.717456363787216,3,3.6365619511933205,0,0,0,0,1,0,0,1,0,0
0,2,54.0,3.295836866004329,1,3.295836866004329,1,0,1,0,0,0,1,0,0,1
0,1,36.0,3.716616209085536,1,3.716616209085536,1,0,0,0,0,0,1,0,0,1
0,3,25.0,2.2734137156937657,1,2.2734137156937657,1,0,0,0,0,0,1,0,0,1
1,1,18.0,4.390118804571218,3,3.3160025355989236,0,0,1,0,1,1,0,0,0,0
0,2,47.0,2.772588722239781,1,2.772588722239781,1,0,1,0,0,0,1,0,0,1
1,1,60.0,4.384523514872469,3,3.3105430133940246,1,0,0,0,1,0,1,0,0,0
0,3,22.0,2.2027647577118348,1,2.2027647577118348,1,0,1,0,0,0,1,0,0,1
0,3,25.0,2.2027647577118348,1,2.2027647577118348,1,0,1,0,0,0,1,0,0,1
0,3,35.0,2.094945728215801,1,2.094945728215801,1,0,1,0,0,0,1,0,0,1
1,1,52.0,4.37281811610993,2,3.6922076594889166,0,0,0,0,1,0,0,1,0,0
0,3,47.0,2.1102132003465894,1,2.1102132003465894,1,0,1,0,0,0,1,0,0,1
0,3,21.5,2.169053700369523,3,1.2762934659055623,0,1,0,0,1,1,0,0,0,0
0,2,37.0,3.295836866004329,2,2.6390573296152584,1,0,1,0,1,0,1,0,0,0
0,3,36.0,3.224857896545748,3,2.2027647577118348,1,0,1,0,1,0,1,0,0,0
1,2,28.0,3.5263605246161616,1,3.5263605246161616,0,0,1,0,0,1,0,0,0,1
0,3,49.0,0.0,1,0.0,1,0,1,0,0,0,1,0,0,1
0,3,25.0,2.1071782966514356,1,2.1071782966514356,1,0,0,0,0,0,1,0,0,1
1,1,49.0,4.0592215752427645,2,3.383189542769255,1,0,0,0,1,0,0,0,1,0
1,2,24.0,3.332204510175204,4,2.0476928433652555,0,0,1,0,1,0,0,1,0,0
0,3,25.0,2.1855792552411137,1,2.1855792552411137,1,0,1,0,0,0,1,0,0,1
0,1,40.0,3.770459441106359,1,3.770459441106359,1,0,1,0,0,0,1,0,0,1
0,3,44.0,2.2027647577118348,1,2.2027647577118348,1,0,1,0,0,0,1,0,0,1
1,1,35.0,3.3160025355989236,1,3.3160025355989236,1,0,0,0,0,0,1,0,0,1
0,3,36.0,2.806386101823072,2,2.1719067693519296,1,0,1,0,1,0,1,0,0,0
0,3,30.0,2.1855792552411137,1,2.1855792552411137,1,0,1,0,0,0,1,0,0,1
1,1,27.0,3.449987545831587,1,3.449987545831587,1,0,1,0,0,0,1,0,0,1
1,2,22.0,3.7513658711253766,4,2.4331571109859165,0,0,0,0,1,0,0,1,0,0
1,1,40.0,5.039951348430309,1,5.039951348430309,0,0,1,0,0,1,0,0,0,1
0,3,39.0,3.4742929367327062,7,1.698886792488434,0,0,1,1,0,0,0,1,0,0
0,3,25.0,2.0856720914304723,1,2.0856720914304723,1,0,1,0,0,0,1,0,0,1
1,3,21.5,2.803360380906535,2,2.169053700369523,0,1,0,0,1,1,0,0,0,0
0,3,25.0,2.169053700369523,1,2.169053700369523,1,1,0,0,0,0,1,0,0,1
0,3,35.0,2.2027647577118348,1,2.2027647577118348,1,0,1,0,0,0,1,0,0,1
1,2,24.0,4.189654742026425,4,2.847812143477369,0,0,1,0,1,1,0,0,0,0
0,3,34.0,2.7343675094195836,3,1.7578579175523736,1,0,1,0,1,0,1,0,0,0
0,3,26.0,2.8390784635086144,2,2.2027647577118348,0,0,1,0,1,0,0,1,0,0
1,2,4.0,3.6888794541139363,4,2.3749057545736716,0,0,1,0,1,1,0,0,0,0
0,2,26.0,2.4423470353692043,1,2.4423470353692043,1,0,1,0,0,0,1,0,0,1
0,3,27.0,2.737880811060884,2,2.107433583211985,1,0,0,0,1,0,1,0,0,0
1,1,42.0,3.9806942251907276,2,3.306047522339149,1,0,1,0,1,0,1,0,0,0
1,3,20.0,2.817902613071225,3,1.8321386990758308,1,0,0,0,1,0,1,0,0,0
0,3,21.0,2.180891922715322,1,2.180891922715322,1,0,1,0,0,0,1,0,0,1
0,3,21.0,2.8390784635086144,1,2.8390784635086144,1,0,1,0,0,0,1,0,0,1
0,1,61.0,3.5061818266142577,1,3.5061818266142577,1,0,1,0,0,0,1,0,0,1
0,2,57.0,2.5915163848462583,1,2.5915163848462583,1,1,0,0,0,0,0,0,1,1
1,1,21.0,4.368919865004903,1,4.368919865004903,0,0,1,0,0,1,0,0,0,1
0,3,26.0,2.1855792552411137,1,2.1855792552411137,1,0,1,0,0,0,1,0,0,1
0,3,25.0,2.167143305297764,1,2.167143305297764,1,1,0,0,0,0,1,0,0,1
1,1,80.0,3.4339872044851463,1,3.4339872044851463,1,0,1,0,0,0,1,0,0,1
0,3,51.0,2.086193694502369,1,2.086193694502369,1,0,1,0,0,0,1,0,0,1
1,1,32.0,3.449987545831587,1,3.449987545831587,1,0,0,0,0,0,0,0,1,1
0,1,40.0,0.0,1,0.0,1,0,1,0,0,0,1,0,0,1
0,3,9.0,3.3638415951183864,6,1.7316555451583495,0,0,1,1,0,1,0,0,0,0
1,2,28.0,2.6390573296152584,1,2.6390573296152584,0,0,1,0,0,1,0,0,0,1
0,3,32.0,2.188856327665703,1,2.188856327665703,1,0,1,0,0,0,1,0,0,1
0,2,31.0,3.305053521109253,3,2.277267285009756,1,0,1,0,1,0,1,0,0,0
0,3,41.0,3.705920919968788,6,2.0300652682819424,0,0,1,1,0,0,0,1,0,0
0,3,25.0,2.8390784635086144,2,2.2027647577118348,1,0,1,0,1,0,1,0,0,0
0,3,20.0,2.180891922715322,1,2.180891922715322,1,0,1,0,0,0,1,0,0,1
1,1,24.0,4.252771798816619,1,4.252771798816619,0,0,0,0,0,1,0,0,0,1
0,3,2.0,3.3638415951183864,6,1.7316555451583495,0,0,1,1,0,1,0,0,0,0
1,3,25.0,4.05171190165724,1,4.05171190165724,1,0,1,0,0,0,1,0,0,1
1,3,0.75,3.0085645861193133,4,1.7603676964552861,0,0,0,0,1,1,0,0,0,0
1,1,48.0,4.353230991152628,2,3.672866935273995,1,0,0,0,1,0,1,0,0,0
0,3,19.0,2.1855792552411137,1,2.1855792552411137,1,0,1,0,0,0,1,0,0,1
1,1,56.0,3.597312260588446,1,3.597312260588446,1,0,0,0,0,0,0,0,1,1
0,3,25.0,2.145931282948669,1,2.145931282948669,1,0,1,0,0,0,1,0,0,1
1,3,23.0,2.145931282948669,1,2.145931282948669,0,0,1,0,0,1,0,0,0,1
0,3,25.0,2.1855792552411137,1,2.1855792552411137,1,0,1,0,0,0,1,0,0,1
1,2,18.0,3.1780538303479458,2,2.5257286443082556,0,0,1,0,1,1,0,0,0,0
0,3,21.0,2.2442459824059346,1,2.2442459824059346,1,0,1,0,0,0,1,0,0,1
1,3,21.5,2.17806441028492,1,2.17806441028492,0,1,0,0,0,1,0,0,0,1
0,3,18.0,2.0476928433652555,1,2.0476928433652555,0,1,0,0,0,1,0,0,0,1
0,2,24.0,4.310799125385514,3,3.2386784521643803,1,0,1,0,1,0,1,0,0,0
0,3,25.0,2.1855792552411137,1,2.1855792552411137,1,0,1,0,0,0,1,0,0,1
0,3,32.0,2.803360380906535,3,1.8191584434161694,0,1,0,0,1,0,0,1,0,0
0,2,23.0,2.6390573296152584,1,2.6390573296152584,1,0,1,0,0,0,1,0,0,1
0,1,58.0,4.738607824217808,3,3.657345786442051,1,0,0,0,1,0,1,0,0,0
1,1,50.0,4.902678819257608,3,3.8188106237059674,1,0,1,0,1,0,0,0,1,0
0,3,40.0,2.1071782966514356,1,2.1071782966514356,1,0,0,0,0,0,1,0,0,1
0,1,47.0,3.2804411805263554,1,3.2804411805263554,1,0,1,0,0,0,1,0,0,1
0,3,36.0,2.139571923732859,1,2.139571923732859,1,0,1,0,0,0,1,0,0,1
1,3,20.0,2.188856327665703,2,1.6019096460133089,1,0,1,0,1,0,1,0,0,0
0,2,32.0,4.310799125385514,3,3.2386784521643803,1,0,1,0,1,0,1,0,0,0
0,2,25.0,2.6390573296152584,1,2.6390573296152584,1,0,1,0,0,0,1,0,0,1
0,3,25.0,2.1719067693519296,1,2.1719067693519296,1,0,1,0,0,0,1,0,0,1
0,3,43.0,2.2027647577118348,1,2.2027647577118348,1,0,1,0,0,0,1,0,0,1
1,1,35.0,3.970291913552122,2,3.295836866004329,0,0,1,0,1,0,0,1,0,0
1,2,40.0,3.6888794541139363,3,2.6390573296152584,0,0,1,0,1,0,0,1,0,0
0,1,31.0,3.970291913552122,2,3.295836866004329,1,0,1,0,1,0,1,0,0,0
0,2,70.0,2.4423470353692043,1,2.4423470353692043,1,0,1,0,0,0,1,0,0,1
1,2,31.0,2.6390573296152584,1,2.6390573296152584,1,0,1,0,0,0,1,0,0,1
0,2,30.0,0.0,1,0.0,1,0,1,0,0,0,1,0,0,1
0,3,18.0,2.1719067693519296,1,2.1719067693519296,1,0,1,0,0,0,1,0,0,1
0,3,24.5,2.2027647577118348,1,2.2027647577118348,1,0,1,0,0,0,1,0,0,1
1,3,18.0,2.3833998102837652,1,2.3833998102837652,0,0,1,0,0,1,0,0,0,1
0,3,43.0,3.8691155044168695,8,1.926071806835649,0,0,1,1,0,0,0,1,0,0
1,1,36.0,6.240917354759096,2,5.549716346809879,1,0,0,0,1,0,1,0,0,0
0,3,21.5,2.212386825075897,1,2.212386825075897,0,1,0,0,0,1,0,0,0,1
1,1,27.0,4.353230991152628,1,4.353230991152628,1,0,0,0,0,0,1,0,0,1
0,3,20.0,2.3248357019288655,1,2.3248357019288655,1,0,1,0,0,0,1,0,0,1
0,3,14.0,3.8691155044168695,8,1.926071806835649,1,0,1,1,0,0,1,0,0,0
0,2,60.0,3.6888794541139363,3,2.6390573296152584,1,0,1,0,1,0,1,0,0,0
0,2,25.0,3.7513658711253766,4,2.4331571109859165,1,0,0,0,1,0,1,0,0,0
0,3,14.0,3.705920919968788,6,2.0300652682819424,1,0,1,1,0,0,1,0,0,0
0,3,19.0,2.4133032309283076,1,2.4133032309283076,1,0,1,0,0,0,1,0,0,1
0,3,18.0,2.174274334826008,1,2.174274334826008,1,0,1,0,0,0,1,0,0,1
1,1,15.0,5.35817698994543,2,4.6697282381849305,0,0,1,0,1,1,0,0,0,0
1,1,31.0,4.060443010546419,2,3.3843902633457743,1,0,1,0,1,0,1,0,0,0
1,3,4.0,2.668387256845834,2,2.042304156890204,0,0,0,0,1,1,0,0,0,0
1,3,25.0,4.05171190165724,1,4.05171190165724,1,0,1,0,0,0,1,0,0,1
0,3,25.0,2.1071782966514356,1,2.1071782966514356,1,0,0,0,0,0,1,0,0,1
0,1,60.0,3.3160025355989236,1,3.3160025355989236,1,0,1,0,0,0,0,0,1,1
0,2,52.0,2.6741486494265287,1,2.6741486494265287,1,0,1,0,0,0,1,0,0,1
0,3,44.0,2.2027647577118348,1,2.2027647577118348,1,0,1,0,0,0,1,0,0,1
1,3,21.5,2.167143305297764,1,2.167143305297764,0,1,0,0,0,1,0,0,0,1
0,1,49.0,4.717456363787216,3,3.6365619511933205,1,0,0,0,1,0,1,0,0,0
0,3,42.0,2.157559320943788,1,2.157559320943788,1,0,1,0,0,0,1,0,0,1
1,1,18.0,5.4316456135398825,2,4.742864775469818,0,0,0,0,1,0,0,1,0,0
1,1,35.0,3.3064287218760624,1,3.3064287218760624,1,0,1,0,0,0,1,0,0,1
0,3,18.0,2.737880811060884,2,2.107433583211985,0,0,0,0,1,1,0,0,0,0
0,3,25.0,2.1681046787623672,1,2.1681046787623672,1,1,0,0,0,0,1,0,0,1
0,3,26.0,2.180891922715322,2,1.5947505796822232,1,0,1,0,1,0,1,0,0,0
0,2,39.0,3.295836866004329,1,3.295836866004329,1,0,1,0,0,0,1,0,0,1
1,2,45.0,2.6741486494265287,1,2.6741486494265287,0,0,1,0,0,0,0,1,0,1
1,1,42.0,3.3064287218760624,1,3.3064287218760624,1,0,1,0,0,0,1,0,0,1
1,1,22.0,5.027492411162679,1,5.027492411162679,0,0,1,0,0,1,0,0,0,1
1,3,25.0,2.7878344138303452,3,1.8053226278885095,1,0,0,0,1,0,0,0,0,0
1,1,24.0,3.922056501139853,1,3.922056501139853,0,0,0,0,0,1,0,0,0,1
0,1,40.0,3.3160025355989236,1,3.3160025355989236,1,0,1,0,0,0,1,0,0,1
1,1,48.0,3.970291913552122,2,3.295836866004329,1,0,1,0,1,0,1,0,0,0
0,3,29.0,2.3497835148230464,1,2.3497835148230464,1,0,1,0,0,0,1,0,0,1
0,2,52.0,2.6390573296152584,1,2.6390573296152584,1,0,1,0,0,0,1,0,0,1
0,3,19.0,2.157559320943788,1,2.157559320943788,1,0,1,0,0,0,1,0,0,1
1,1,38.0,5.4316456135398825,1,5.4316456135398825,0,0,0,0,0,1,0,0,0,1
1,2,27.0,2.4423470353692043,1,2.4423470353692043,0,0,1,0,0,1,0,0,0,1
0,3,25.0,2.803360380906535,1,2.803360380906535,1,1,0,0,0,0,1,0,0,1
0,3,33.0,2.1719067693519296,1,2.1719067693519296,1,0,1,0,0,0,1,0,0,1
1,2,6.0,3.5263605246161616,2,2.8622008809294686,0,0,1,0,1,1,0,0,0,0
0,3,17.0,2.086193694502369,2,1.5100815578939655,1,0,1,0,1,0,1,0,0,0
0,2,34.0,2.6390573296152584,1,2.6390573296152584,1,0,1,0,0,0,1,0,0,1
0,2,50.0,2.6390573296152584,1,2.6390573296152584,1,0,1,0,0,0,1,0,0,1
1,1,27.0,3.9908341858524357,2,3.3160025355989236,1,0,1,0,1,0,1,0,0,0
0,3,20.0,2.2682524139135403,1,2.2682524139135403,1,0,1,0,0,0,1,0,0,1
1,2,30.0,3.091042453358316,4,1.8325814637483102,0,0,1,0,1,0,0,1,0,0
1,3,21.5,2.1676241075599285,1,2.1676241075599285,0,1,0,0,0,1,0,0,0,1
0,2,25.0,3.295836866004329,2,2.6390573296152584,1,0,1,0,1,0,1,0,0,0
0,3,25.0,2.188856327665703,2,1.6019096460133089,0,0,1,0,1,1,0,0,0,0
1,1,29.0,5.35817698994543,1,5.35817698994543,0,0,1,0,0,1,0,0,0,1
0,3,11.0,2.9850504252071306,1,2.9850504252071306,1,0,0,0,0,0,1,0,0,1
0,2,30.0,0.0,1,0.0,1,0,1,0,0,0,1,0,0,1
0,2,23.0,2.6390573296152584,1,2.6390573296152584,1,0,1,0,0,0,1,0,0,1
0,2,23.0,2.6390573296152584,1,2.6390573296152584,1,0,1,0,0,0,1,0,0,1
0,3,28.5,2.8390784635086144,1,2.8390784635086144,1,0,1,0,0,0,1,0,0,1
0,3,48.0,3.5660053559634015,5,2.063693184711697,0,0,1,1,0,0,0,1,0,0
1,1,35.0,6.240917354759096,1,6.240917354759096,1,0,0,0,0,0,1,0,0,1
0,3,25.0,2.1855792552411137,1,2.1855792552411137,1,0,1,0,0,0,1,0,0,1
0,3,25.0,2.1855792552411137,1,2.1855792552411137,1,0,1,0,0,0,1,0,0,1
1,1,40.0,3.4339872044851463,1,3.4339872044851463,1,0,1,0,0,0,1,0,0,1
0,1,36.0,4.380149874661021,2,3.6994484054631704,1,0,1,0,1,0,1,0,0,0
1,1,21.0,5.5735788721243535,5,3.9792142549684693,0,0,0,1,0,1,0,0,0,0
0,3,24.0,2.8390784635086144,2,2.2027647577118348,1,0,1,0,1,0,1,0,0,0
1,3,31.0,2.188856327665703,1,2.188856327665703,1,0,1,0,0,0,1,0,0,1
0,1,70.0,4.276666119016055,3,3.20545280453606,1,0,1,0,1,0,0,0,1,0
0,3,16.0,3.056356895370426,3,2.0476928433652555,1,0,1,0,1,0,1,0,0,0
1,2,30.0,2.6390573296152584,1,2.6390573296152584,0,0,1,0,0,1,0,0,0,1
0,1,19.0,3.9908341858524357,2,3.3160025355989236,1,0,1,0,1,0,1,0,0,0
0,3,31.0,2.169053700369523,1,2.169053700369523,1,1,0,0,0,0,1,0,0,1
1,2,4.0,3.1780538303479458,3,2.1594842493533726,0,0,1,0,1,1,0,0,0,0
1,3,6.0,2.600836116795061,2,1.9792758428991135,1,0,1,0,1,0,0,0,0,0
0,3,33.0,2.3513752571634776,1,2.3513752571634776,1,0,1,0,0,0,1,0,0,1
0,3,23.0,2.1855792552411137,1,2.1855792552411137,1,0,1,0,0,0,1,0,0,1
1,2,48.0,4.189654742026425,4,2.847812143477369,0,0,1,0,1,0,0,1,0,0
1,2,0.67,2.740840023925201,3,1.7635885922613586,1,0,1,0,1,0,0,0,0,0
0,3,28.0,2.174274334826008,1,2.174274334826008,1,0,1,0,0,0,1,0,0,1
0,2,18.0,2.5257286443082556,1,2.5257286443082556,1,0,1,0,0,0,1,0,0,1
0,3,34.0,2.2027647577118348,1,2.2027647577118348,1,0,1,0,0,0,1,0,0,1
1,1,33.0,4.471638793363569,1,4.471638793363569,0,0,1,0,0,0,0,0,1,1
0,3,25.0,2.740840023925201,1,2.740840023925201,1,0,1,0,0,0,1,0,0,1
0,3,41.0,2.094945728215801,1,2.094945728215801,1,0,1,0,0,0,1,0,0,1
1,3,20.0,2.1076888046179385,1,2.1076888046179385,1,0,0,0,0,0,1,0,0,1
1,1,36.0,4.795790545596741,4,3.4339872044851463,0,0,1,0,1,0,0,1,0,0
0,3,16.0,2.1719067693519296,1,2.1719067693519296,1,0,1,0,0,0,1,0,0,1
1,1,51.0,4.368919865004903,2,3.6883580682159285,0,0,1,0,1,0,0,1,0,0
0,1,40.0,3.703768066607687,1,3.703768066607687,1,0,0,0,0,0,0,0,1,1
0,3,30.5,2.169053700369523,1,2.169053700369523,0,1,0,0,0,1,0,0,0,1
0,3,25.0,3.224857896545748,2,2.5707020099509865,1,1,0,0,1,0,1,0,0,0
0,3,32.0,2.236712348843338,1,2.236712348843338,1,0,1,0,0,0,1,0,0,1
0,3,24.0,2.3513752571634776,1,2.3513752571634776,1,0,1,0,0,0,1,0,0,1
0,3,48.0,2.180891922715322,1,2.180891922715322,1,0,1,0,0,0,1,0,0,1
0,2,57.0,2.4423470353692043,1,2.4423470353692043,0,0,1,0,0,0,0,1,0,1
0,3,25.0,2.1071782966514356,1,2.1071782966514356,1,0,0,0,0,0,1,0,0,1
1,2,54.0,3.1780538303479458,5,1.7227665977411035,0,0,1,1,0,0,0,1,0,0
0,3,18.0,2.169053700369523,1,2.169053700369523,1,0,1,0,0,0,1,0,0,1
0,3,25.0,2.169053700369523,1,2.169053700369523,1,1,0,0,0,0,1,0,0,1
1,3,5.0,2.600836116795061,1,2.600836116795061,0,0,1,0,0,1,0,0,0,1
0,3,25.0,2.1676241075599285,1,2.1676241075599285,1,1,0,0,0,0,1,0,0,1
1,1,43.0,5.35817698994543,2,4.6697282381849305,0,0,1,0,1,0,0,1,0,0
1,3,13.0,2.1076888046179385,1,2.1076888046179385,0,0,0,0,0,1,0,0,0,1
1,1,17.0,4.060443010546419,2,3.3843902633457743,0,0,1,0,1,0,0,1,0,0
0,1,29.0,3.4339872044851463,1,3.4339872044851463,1,0,1,0,0,0,1,0,0,1
0,3,25.0,3.196630215920881,4,1.926071806835649,1,0,1,0,1,0,1,0,0,0
0,3,25.0,2.0856720914304723,1,2.0856720914304723,1,0,1,0,0,0,1,0,0,1
0,3,25.0,2.1102132003465894,1,2.1102132003465894,1,0,1,0,0,0,1,0,0,1
1,3,18.0,2.139571923732859,1,2.139571923732859,0,0,1,0,0,1,0,0,0,1
0,3,8.0,3.405355391810819,6,1.767153658425855,1,1,0,1,0,0,0,0,0,0
1,3,1.0,3.0715352369694915,4,1.8154353049133396,1,0,1,0,1,0,0,0,0,0
0,1,46.0,4.384523514872469,1,4.384523514872469,1,0,0,0,0,0,1,0,0,1
0,3,25.0,2.169053700369523,1,2.169053700369523,1,1,0,0,0,0,1,0,0,1
0,2,16.0,3.295836866004329,1,3.295836866004329,1,0,1,0,0,0,1,0,0,1
0,3,21.5,4.256321678298823,11,1.9909828368246127,0,0,1,1,0,1,0,0,0,0
0,1,40.0,3.4561841799918147,1,3.4561841799918147,1,0,0,0,0,0,1,0,0,1
0,3,25.0,2.1855792552411137,1,2.1855792552411137,1,0,1,0,0,0,1,0,0,1
0,2,39.0,2.6390573296152584,1,2.6390573296152584,1,0,1,0,0,0,1,0,0,1
1,1,49.0,3.2932111997353943,1,3.2932111997353943,0,0,1,0,0,0,0,0,1,1
1,3,31.0,2.270402752283094,1,2.270402752283094,0,0,1,0,0,0,0,1,0,1
0,3,30.0,2.1076888046179385,1,2.1076888046179385,1,0,0,0,0,0,1,0,0,1
0,3,30.0,3.224857896545748,3,2.2027647577118348,0,0,1,0,1,0,0,1,0,0
0,2,34.0,2.6390573296152584,1,2.6390573296152584,1,0,1,0,0,0,1,0,0,1
1,2,31.0,3.305053521109253,3,2.277267285009756,0,0,1,0,1,0,0,1,0,0
1,1,11.0,4.795790545596741,4,3.4339872044851463,1,0,1,0,1,0,0,0,0,0
1,3,0.42,2.2530481500547457,2,1.659817289326252,1,0,0,0,1,0,0,0,0,0
1,3,27.0,2.076311648670908,1,2.076311648670908,1,0,1,0,0,0,1,0,0,1
0,3,31.0,2.1719067693519296,1,2.1719067693519296,1,0,1,0,0,0,1,0,0,1
0,1,39.0,0.0,1,0.0,1,0,1,0,0,0,1,0,0,1
0,3,18.0,2.1719067693519296,1,2.1719067693519296,0,0,1,0,0,1,0,0,0,1
0,2,39.0,2.6390573296152584,1,2.6390573296152584,1,0,1,0,0,0,1,0,0,1
1,1,33.0,3.9908341858524357,2,3.3160025355989236,0,0,1,0,1,0,0,1,0,0
0,3,26.0,2.184645795129359,1,2.184645795129359,1,0,1,0,0,0,1,0,0,1
0,3,39.0,3.224857896545748,1,3.224857896545748,1,0,1,0,0,0,1,0,0,1
0,2,35.0,2.4423470353692043,1,2.4423470353692043,1,0,1,0,0,0,1,0,0,1
0,3,6.0,3.4742929367327062,7,1.698886792488434,0,0,1,1,0,1,0,0,0,0
0,3,30.5,2.2027647577118348,1,2.2027647577118348,1,0,1,0,0,0,1,0,0,1
0,1,40.0,0.0,1,0.0,1,0,1,0,0,0,1,0,0,1
0,3,23.0,2.188856327665703,1,2.188856327665703,0,0,1,0,0,1,0,0,0,1
0,2,31.0,3.637696679934592,3,2.5903721599337124,1,0,0,0,1,0,1,0,0,0
0,3,43.0,2.0082140323914683,1,2.0082140323914683,1,0,1,0,0,0,1,0,0,1
0,3,10.0,3.3638415951183864,6,1.7316555451583495,1,0,1,1,0,0,0,0,0,0
1,1,52.0,4.548599834499697,3,3.4709307196768306,0,0,1,0,1,0,0,1,0,0
1,3,27.0,2.2682524139135403,1,2.2682524139135403,1,0,1,0,0,0,1,0,0,1
0,1,38.0,0.0,1,0.0,1,0,1,0,0,0,0,0,1,1
1,3,27.0,2.600836116795061,2,1.9792758428991135,0,0,1,0,1,0,0,1,0,0
0,3,2.0,3.705920919968788,6,2.0300652682819424,1,0,1,1,0,0,0,0,0,0
0,3,25.0,2.0731719286662407,1,2.0731719286662407,1,1,0,0,0,0,1,0,0,1
0,3,25.0,4.05171190165724,1,4.05171190165724,1,0,1,0,0,0,1,0,0,1
1,2,1.0,3.637696679934592,3,2.5903721599337124,1,0,0,0,1,0,0,0,0,0
1,3,25.0,2.169053700369523,1,2.169053700369523,1,1,0,0,0,0,1,0,0,1
1,1,62.0,4.394449154672439,1,4.394449154672439,0,0,1,0,0,0,0,1,0,1
1,3,15.0,2.737880811060884,2,2.107433583211985,0,0,0,0,1,0,0,1,0,0
1,2,0.83,2.9831534913471307,3,1.9810014688665833,1,0,1,0,1,0,0,0,0,0
0,3,25.0,2.1076888046179385,1,2.1076888046179385,1,0,0,0,0,0,1,0,0,1
0,3,23.0,2.180891922715322,1,2.180891922715322,1,0,1,0,0,0,1,0,0,1
0,3,18.0,2.2300144001592104,1,2.2300144001592104,1,0,1,0,0,0,1,0,0,1
1,1,39.0,4.432699549165613,3,3.357574013251851,0,0,0,0,1,1,0,0,0,0
0,3,21.0,2.2682524139135403,1,2.2682524139135403,1,0,1,0,0,0,1,0,0,1
0,3,25.0,2.2027647577118348,1,2.2027647577118348,1,0,1,0,0,0,1,0,0,1
1,3,32.0,4.05171190165724,1,4.05171190165724,1,0,1,0,0,0,1,0,0,1
1,1,40.0,3.4242626545931514,1,3.4242626545931514,1,0,0,0,0,0,1,0,0,1
0,3,20.0,2.188856327665703,1,2.188856327665703,1,0,1,0,0,0,1,0,0,1
0,2,16.0,2.4423470353692043,1,2.4423470353692043,1,0,1,0,0,0,1,0,0,1
1,1,30.0,3.4657359027997265,1,3.4657359027997265,0,0,0,0,0,1,0,0,0,1
0,3,34.5,2.006534770871748,1,2.006534770871748,1,0,0,0,0,0,1,0,0,1
0,3,17.0,2.2682524139135403,1,2.2682524139135403,1,0,1,0,0,0,1,0,0,1
0,3,42.0,2.145931282948669,1,2.145931282948669,1,0,1,0,0,0,1,0,0,1
0,3,25.0,4.256321678298823,11,1.9909828368246127,1,0,1,1,0,0,1,0,0,0
0,3,35.0,2.1855792552411137,1,2.1855792552411137,1,0,0,0,0,0,1,0,0,1
0,2,28.0,3.5263605246161616,2,2.8622008809294686,1,0,1,0,1,0,0,0,1,0
1,1,35.0,4.500966778400217,2,3.8188567258265635,0,0,0,0,1,0,0,1,0,0
0,3,4.0,3.4742929367327062,7,1.698886792488434,1,0,1,1,0,0,0,0,0,0
0,3,74.0,2.1719067693519296,1,2.1719067693519296,1,0,1,0,0,0,1,0,0,1
0,3,9.0,2.7878344138303452,3,1.8053226278885095,0,0,0,0,1,1,0,0,0,0
1,1,16.0,3.6988297849671046,2,3.0301337002713233,0,0,1,0,1,1,0,0,0,0
0,2,44.0,3.295836866004329,2,2.6390573296152584,0,0,1,0,1,0,0,1,0,0
1,3,18.0,2.336986519711378,2,1.7360705633674662,0,0,1,0,1,0,0,1,0,0
1,1,45.0,5.11118445372147,3,4.024557923404247,0,0,1,0,1,0,0,1,0,0
1,1,51.0,3.3160025355989236,1,3.3160025355989236,1,0,1,0,0,0,1,0,0,1
1,3,24.0,3.0085645861193133,4,1.7603676964552861,0,0,0,0,1,0,0,1,0,0
0,3,25.0,2.1076888046179385,1,2.1076888046179385,1,0,0,0,0,0,1,0,0,1
0,3,41.0,2.7152442616824506,3,1.740951437198638,1,0,1,0,1,0,1,0,0,0
0,2,21.0,2.5257286443082556,2,1.9095425048844386,1,0,1,0,1,0,1,0,0,0
1,1,48.0,3.2932111997353943,1,3.2932111997353943,0,0,1,0,0,0,0,1,0,1
0,3,21.5,4.256321678298823,11,1.9909828368246127,0,0,1,1,0,1,0,0,0,0
0,2,24.0,2.6390573296152584,1,2.6390573296152584,1,0,1,0,0,0,1,0,0,1
1,2,42.0,2.6390573296152584,1,2.6390573296152584,0,0,1,0,0,0,0,1,0,1
1,2,27.0,2.698558631668595,2,2.070545842007651,0,0,0,0,1,1,0,0,0,0
0,1,31.0,3.941500250945973,1,3.941500250945973,1,0,1,0,0,0,1,0,0,1
0,3,25.0,2.3513752571634776,1,2.3513752571634776,1,0,1,0,0,0,1,0,0,1
1,3,4.0,2.495953738718064,3,1.5499214264083454,1,0,1,0,1,0,0,0,0,0
0,3,26.0,2.1855792552411137,1,2.1855792552411137,1,0,1,0,0,0,1,0,0,1
1,1,47.0,3.9806942251907276,3,2.9187468321201777,0,0,1,0,1,0,0,1,0,0
0,1,33.0,1.791759469228055,1,1.791759469228055,1,0,1,0,0,0,1,0,0,1
0,3,47.0,2.302585092994046,1,2.302585092994046,1,0,1,0,0,0,1,0,0,1
1,2,28.0,3.2188758248682006,2,2.5649493574615367,0,0,0,0,1,0,0,1,0,0
1,3,15.0,2.1071782966514356,1,2.1071782966514356,0,0,0,0,0,1,0,0,0,1
0,3,20.0,2.3837779082709782,1,2.3837779082709782,1,0,1,0,0,0,1,0,0,1
0,3,19.0,2.1855792552411137,1,2.1855792552411137,1,0,1,0,0,0,1,0,0,1
0,3,25.0,2.1855792552411137,1,2.1855792552411137,1,0,1,0,0,0,1,0,0,1
1,1,56.0,4.432699549165613,2,3.7513646968424084,0,0,0,0,1,0,0,1,0,0
1,2,25.0,3.295836866004329,2,2.6390573296152584,0,0,1,0,1,0,0,1,0,0
0,3,33.0,2.1855792552411137,1,2.1855792552411137,1,0,1,0,0,0,1,0,0,1
0,3,22.0,2.4437981558973862,1,2.4437981558973862,0,0,1,0,0,1,0,0,0,1
0,2,28.0,2.4423470353692043,1,2.4423470353692043,1,0,1,0,0,0,1,0,0,1
0,3,25.0,2.0856720914304723,1,2.0856720914304723,1,0,1,0,0,0,1,0,0,1
0,3,39.0,3.405355391810819,6,1.767153658425855,0,1,0,1,0,0,0,1,0,0
0,2,27.0,2.6390573296152584,1,2.6390573296152584,1,0,1,0,0,0,0,0,1,1
1,1,19.0,3.4339872044851463,1,3.4339872044851463,0,0,1,0,0,1,0,0,0,1
0,3,21.5,3.196630215920881,4,1.926071806835649,0,0,1,0,1,1,0,0,0,0
1,1,26.0,3.4339872044851463,1,3.4339872044851463,1,0,0,0,0,0,1,0,0,1
0,3,32.0,2.169053700369523,1,2.169053700369523,1,1,0,0,0,0,1,0,0,1
